[Not Available],NOS
[Unknown],NOS
681640,681640
(5Z)-7-Oxozeaenol,(5Z)-7-Oxozeaenol
06BG,O6-Benzylguanine
06-BG,O6-Benzylguanine
06-BG (NABTT 0803),O6-Benzylguanine
06GB,O6-Benzylguanine
17-AAG,Tanespimycin
2-[1-hexyloxyethyl]-2-devinyl pyropheophorbide-alpha (HPPH or Photochlor),Photochlor
2B3-101,Doxorubicin
5 fluorouracil,Fluorouracil
5 fluorouracil+leucovorin,Fluorouracil+Leucovorin
5 fluorouracilum,Fluorouracil
5 fluorouracilum+leucovorin,Fluorouracil+Leucovorin
5 FU,Fluorouracil
5- FU,Fluorouracil
5F4 Leucovorin,Fluorouracil+Leucovorin
5-Flourouracil,Fluorouracil
5-fluorouracil,Fluorouracil
5-Fluorouracil,Fluorouracil
5-Fluorouracil + leucovorin,Fluorouracil+Leucovorin
5-Fluorouracil?,Fluorouracil
5fluorouracil+leucovorin,Fluorouracil+Leucovorin
5fluorouracil+oxaciplatina+l-folinian discido,Leucovorin+Fluorouracil+Oxaliplatin
5-fluorouracilum,Fluorouracil
5-Fluoruoracil,Fluorouracil
5-flurouracil,Fluorouracil
5FU,Fluorouracil
5-fu,Fluorouracil
5-FU,Fluorouracil
5-FU + LEULOV,Fluorouracil+Leucovorin
5-FU+ etoposidium,Fluorouracil+Etoposide
6 Thiguanine,Tioguanine
6 Thioguanine,Tioguanine
6-Mercaptopurine,Mercaptopurine
81c6,81C6
81C6,81C6
9 Aminocamptothecin,Aminocamptothecin
9 immunoamino camptnetecin,Aminocamptothecin
90Y-HU3S193,Hu3S193
9AC 9 Aminocamplotecian,Aminocamptothecin
A202171 Protocol,NOS
A-443654,A-443654
A4QN,A4QN
A-770041,A-770041
Abagovomab or Placebo,Abagovomab
Abagovomab vs Placebo,Abagovomab
Abagovomag vs Placebo,Abagovomab
Abiraterone,Abiraterone
abraxane,Paclitaxel
Abraxane,Paclitaxel
ABRAXANE,Paclitaxel
ABT-888,Veliparib
ABT-888 and temozolomide,Veliparib+Temozolomide
ABT-888 Parp Inhibitor,Veliparib
ABTC 0603 Hydroxychloroquine,Hydroxychloroquine
ac,Doxorubicin+Cyclophosphamide
Acctuane,Isotretinoin
Accutane,Isotretinoin
ACT PEP3 KLH,PEP-3-KLH
actinomycin d,Dactinomycin
Actinomycin-D,Dactinomycin
adriamicin,Doxorubicin
adriamycin,Doxorubicin
Adriamycin,Doxorubicin
ADRIAMYCIN,Doxorubicin
Adriamycin (doxorubicin),Doxorubicin
"Adriamycin, cytoxan, avastin",Doxorubicin+Cyclophosphamide+Bevacizumab
Adriamycin/Cytoxan,Doxorubicin+Cyclophosphamide
adriamycin+cuclophosphamide,Doxorubicin+Cyclophosphamide
adriamycin+cyclophosphamid,Doxorubicin+Cyclophosphamide
adriamycin+cyclophosphamide,Doxorubicin+Cyclophosphamide
Adriamyicin,Doxorubicin
adrimicin+cyclophosphamide,Doxorubicin+Cyclophosphamide
Adrimycin,Doxorubicin
adrimycin+cyclophosphamide,Doxorubicin+Cyclophosphamide
AE 788,AE788
AE-37,AE37
Afatinib,Afatinib
Afinitor,Everolimus
Aflibercept,Aflibercept
Aflibercept/ Placebo Study,Aflibercept
AICA Ribonucleotide,AICA Ribonucleotide
AKT inhibitor VIII,AKT inhibitor VIII
Albumin-Bound Paclitaxel,Paclitaxel
Alectinib,Alectinib
Alferon,Alferon
alimta,Pemetrexed
Alimta,Pemetrexed
ALIMTA,Pemetrexed
Alkeran,Melphalan
Almita,Pemetrexed
Aloxi,Palonosetron
Alpha Interferon,Alferon
Altima,Pemetrexed
Alvesin,Alvesin
Amatuximab (MORab-009),Amatuximab
AMG 102,Rilotumumab
AMG 706,Motesanib
Amgen 706,Motesanib
Amifostine,Amifostine
Aminopterin,Aminopterin
Amitostin,Amifostine
Amitostine,Amifostine
Amuvatinib,Amuvatinib
Anastrazole,Anastrozole
Anastrozole,Anastrozole
ANASTROZOLE,Anastrozole
ANASTROZOLE (ARIMIDEX),Anastrozole
anastrozolum,Anastrozole
Angiocal,Angiocal
Angiocept,Pegdinetanib
Anti necplatens,Antineoplastons
anti neopastons,Antineoplastons
AP-23573 (ARIAD),Ridaforolimus
AR-42,AR-42
ARIAD AP23573,Ridaforolimus
arimidex,Anastrozole
Arimidex,Anastrozole
ARIMIDEX,Anastrozole
Arimidex (Anastrozole),Anastrozole
ARIMIDEX (ANASTROZOLE),Anastrozole
Armidex,Anastrozole
Armour Thyroid,Desiccated thyroid
aromasin,Exemestane
Aromasin,Exemestane
Aromasin (Exemestane),Exemestane
AROMASIN (EXEMESTANE),Exemestane
aromatase exemestane,Exemestane
Arsenic Tnoxide,Arsenic trioxide
Arsenic Trioxide,Arsenic trioxide
Arsenic Trioxide (ATO),Arsenic trioxide
AS601245,AS601245
AS605240,AS605240
AT 101,AT-101
AT-101,AT-101
AT-7519,AT-7519
ATTAC,NOS
autologous vaccine,ATCV
Avagacestat,Avagacestat
avastin,Bevacizumab
Avastin,Bevacizumab
Avastin (Bevacizumab),Bevacizumab
Avastin/bevacizumab/placebo,Bevacizumab
Axitinib,Axitinib
Axitnib,Axitinib
AZ628,AZ628
azaTHIOprine,Azathioprine
AZD,AZD
AZD 2281,Olaparib
AZD6244,Selumetinib
AZD6482,AZD6482
AZD7762,AZD7762
AZD8055,AZD8055
B12,Cyanocobalamin
BA4 43 9006,Sorafenib
Bacillus Calmette-Guerin (BCG),BCG
Bay-439006,Sorafenib
BAY-61-3606,BAY-61-3606
BCG,BCG
"BCG, Intravesicular",BCG
BCNU,Carmustine
BCNU (carmustine),Carmustine
BCNU (Carmustine),Carmustine
Belinostat,Belinostat
Benzylguanine,O6-Benzylguanine
Bevacizamab/Placebo,Bevacizumab
bevacizumab,Bevacizumab
Bevacizumab,Bevacizumab
BEVACIZumab,Bevacizumab
BEVACIZUmab,Bevacizumab
BEVACIZUMAB,Bevacizumab
BEVACIZUMAB (AVASTIN)/PLACEBO PROVIDED BY STUDY,Bevacizumab
Bevacizumab Avastin,Bevacizumab
Bevacizumab or placebo,Bevacizumab
Bevacizumab or Placebo,Bevacizumab
Bevacizumab or placebo RTOG 0825,Bevacizumab
Bevacizumab vs Placebo,Bevacizumab
Bevacizumiab/ versus Placebo,Bevacizumab
Bevacozimab,Bevacizumab
Bevcizumab,Bevacizumab
Bexarotene,Bexarotene
BI-2536,BI-2536
BIBW 2992,Afatinib
BIBW2992,Afatinib
Bicalutamid,Bicalutamide
Bicalutamide,Bicalutamide
BIX02189,BIX02189
bleomycin,Bleomycin
Bleomycin,Bleomycin
BLEOMYCIN,Bleomycin
Bleomycin (50 uM),NOS
BMS-345541,BMS-345541
BMS-509744,BMS-509744
BMS-536924,BMS-536924
BMS-754807,BMS-754807
Bortezomib,Bortezomib
Bosutinib,Bosutinib
BRAF inhibitor,Vemurafenib
Brivanib,Brivanib
Bromo deoxyuridine,Bromodeoxyuridine
Bryostatin 1,Bryostatin 1
BS1-201,Iniparib
BSI-201,Iniparib
BX796,BX796
BX-912,BX-912
C1 FOLFIRI/Zaltrap,Leucovorin+Fluorouracil+Irinotecan+Aflibercept
cabazitaxel,Cabazitaxel
Cabazitaxel,Cabazitaxel
Cabozantinib,Cabozantinib
CAI (NABTT 9712),CAI NABIT 9712
CAI (NABTT 97212),CAI NABIT 9712
CAI NABIT 9712,CAI NABIT 9712
Calcium Foliatum,Leucovorin
"Calcium Foliatum, fluorouracilum, oxaliplatinum, dexamethassone",Leucovorin+Oxaliplatin+Fluorouracil+Dexamethasone
camptosar,Irinotecan
Camptosar,Irinotecan
Camptothecin,Camptothecin
Cancer Vax,Polyvalent Melanoma Vaccine
Capecetabine,Capecitabine
Capecitabin,Capecitabine
capecitabine,Capecitabine
Capecitabine,Capecitabine
CAPECITABINE,Capecitabine
Capecitabine -xeloda,Capecitabine
Capecytabinum,Capecitabine
Carbo,Carboplatin
Carbobplatin,Carboplatin
carbopaltin,Carboplatin
carboplatin,Carboplatin
Carboplatin,Carboplatin
CARBOplatin,Carboplatin
CARBOPLATIN,Carboplatin
Carboplatin #1,Carboplatin
Carboplatin & Paclitaxel,Carboplatin
Carboplatin 5 AUC,Carboplatin
Carboplatin 6th,Carboplatin
Carboplatin and Paclitaxel,Carboplatin+Paclitaxel
Carboplatin Paclitaxel,Carboplatin+Paclitaxel
"Carboplatin, Taxol",Carboplatin+Paclitaxel
Carboplatin/Paclitaxel,Carboplatin+Paclitaxel
Carboplatin/Paclitaxel/Bevacizumab,Carboplatin+Paclitaxel+Bevacizumab
Carboplatin_Paclitaxel,Carboplatin+Paclitaxel
carboplatinum,Carboplatin
Carboplatinum,Carboplatin
CarboPlatinum,Carboplatin
Carboxy amido triazole,Carboxyamidotriazole
Carbplatin,Carboplatin
Carmustin,Carmustine
Carmustine,Carmustine
Carmustine (BCNU),Carmustine
Carmustine BCNU,Carmustine
casodex,Bicalutamide
Casodex,Bicalutamide
Catumaxumab,Catumaxomab
CAV Trial,Cyclophosphamide+Dactinomycin+Vincristine
CAY10603,CAY10603
CBP501,CBP501
CCDP,Cisplatin
CCNG,NOS
CCNu,Lomustine
CCNU,Lomustine
CCT007093,CCT007093
CCT-018159,CCT-018159
CDDP,Cisplatin
CDR0000654697,NOS
Cedicanib,Cediranib
Cediranib,Cediranib
Cediranib Placebo,Cediranib
Cediranib/Placebo,Cediranib
CeeNU,Lomustine
Celbrex,Celecoxib
Celebrex,Celecoxib
CEP 11981,CEP-11981
Cepecitabine,Capecitabine
cetuximab,Cetuximab
Cetuximab,Cetuximab
CETUXimab,Cetuximab
Cetuximab Study drug,Cetuximab
CGP-082996,CGP-082996
CGP-60474,CGP-60474
ch81c6,81C6
"Chemo, Multi-Agent, NOS",NOS
"Chemo, NOS",NOS
CHIR-99021,CHIR-99021
Chlorambucil,Chlorambucil
Chloroquine,Chloroquine
CHOP,Cyclophosphamide+Doxorubicin+Vincristine+Prednisone
CI 980,CI-980
CI-1040,CI-1040
CI980,CI-980
CI-980,CI-980
ciclofosfamida,Cyclophosphamide
Ciclosporin,Cyclosporine
Cilenaitide,Cilengitide
Cilengitide,Cilengitide
Cilengtide,Cilengitide
Ciplastin,Cisplatin
cis retinoic acid,Isotretinoin
Cis Retinoic Acid,Isotretinoin
CIS Retinoic Acid,Isotretinoin
Cisplatain,Cisplatin
cisplatim,Cisplatin
cisplatin,Cisplatin
Cisplatin,Cisplatin
CISPLATIN,Cisplatin
Cisplatin #2-7,Cisplatin
"Cisplatin, pemetrexed",Cisplatin+Pemetrexed
Cisplatin/Etoposide,Cisplatin+Etoposide
Cisplatin/Gemzar,Cisplatin+Gemcitabine
cisplatinum,Cisplatin
Cisplatinum,Cisplatin
CISplatinum,Cisplatin
CISPLATINUM,Cisplatin
Cisplatin-xrt,Cisplatin
Cisplatnin,Cisplatin
cis-retinoic acid,Isotretinoin
Cis-retinoic acid,Isotretinoin
Clinical trial,NOS
Clinical Trial,NOS
Clinical Trial-Study Agent,NOS
clodronate,Clodronate
Clodronate,Clodronate
clodronic acid,Clodronate
Cloretazine,Laromustine
CMK,CMK
Copolang,Cyclophosphamide+Polysaccharide-K
COPOLANG CAPS,Cyclophosphamide+Polysaccharide-K
CP466722,CP466722
CP724714,CP724714
CPT 11,Irinotecan
CPT11,Irinotecan
cpt-11,Irinotecan
CPT-11,Irinotecan
CRA,Isotretinoin
Crizotinib,Crizotinib
CT2103 Taxane Analog,Paclitaxel
CUDC-101,CUDC-101
CVAD,Cyclophosphamide+Vincristine+Doxorubicin+Dexamethasone
CX-5461,CX-5461
CYC-116/Cyclocel,Cyclophosphamide+CYC116
Cyclopamine,Cyclopamine
Cyclophasphamide,Cyclophosphamide
Cyclophospamide,Cyclophosphamide
cyclophosphamid,Cyclophosphamide
cyclophosphamide,Cyclophosphamide
Cyclophosphamide,Cyclophosphamide
CYCLOPHOSPHAMIDE,Cyclophosphamide
"cyclophosphamide, vincristine, and dacarbazine",Cyclophosphamide+Vincristine+Dacarbazine
cyclophosphamide+methotrexatum+fluorouracillum,Cyclophosphamide+Fluorouracil+Methotrexate
cyclophosphamidum,Cyclophosphamide
Cyclophosphane,Cyclophosphamide
Cyotxan,Cyclophosphamide
cytarabine,Cytarabine
CYTARABINE,Cytarabine
Cytarabine,Cytarabine
cytomel,Liothyronine
Cytomel,Liothyronine
cytoxan,Cyclophosphamide
Cytoxan,Cyclophosphamide
CYTOXAN,Cyclophosphamide
Cytoxan and Taxotere,Cyclophosphamide+Docetaxel
"Cytoxan, vincristine and dacarbazine",Cyclophosphamide+Vincristine+Dacarbazine
Cytoxen,Cyclophosphamide
Cytoxin,Cyclophosphamide
Dabrafenib,Dabrafenib
Dacabarzine,Dacarbazine
dacarbazine,Dacarbazine
Dacarbazine,Dacarbazine
Dacarbazine (DTIC),Dacarbazine
Dacinostat,Dacinostat
Daclizumab,Daclizumab
Dactolisib,Dactolisib
Daporinad,Daporinad
dasatinib,Dasatinib
Dasatinib,Dasatinib
dc Vax (Dendritic Cell Vaccine),Dendritic cell vaccine
dcVax,Dendritic cell vaccine
decadron,Dexamethasone
Decodron,Dexamethasone
degarelix,Degarelix
Dendritic Cell Vaccine (dcvax),Dendritic cell vaccine
Dendriticcell Vaccine,Dendritic cell vaccine
Denosumab,Denosumab
Dexaethasone,Dexamethasone
Dexamethasome,Dexamethasone
dexamethasone,Dexamethasone
Dexamethasone,Dexamethasone
DEXAMETHASONE,Dexamethasone
Dexamethasone phosphate,Dexamethasone
Dexamethazone,Dexamethasone
Dexamethsone,Dexamethasone
Dexamthasone,Dexamethasone
Dexmethasone,Dexamethasone
Didox,Didox
Diphencyprone,Diphencyprone
DMOG,DMOG
docetaxel,Docetaxel
Docetaxel,Docetaxel
DOCETAXEL,Docetaxel
Docetaxel +/- Zactima,Docetaxel+Vandetanib
Docetaxelum,Docetaxel
Docetoxel/Taxotere,Docetaxel
Doramapimod,Doramapimod
Doxetaxel,Docetaxel
Doxetaxol,Docetaxel
Doxifluridin,Doxifluridine
Doxifluridine,Doxifluridine
doxil,Doxorubicin
Doxil,Doxorubicin
Doxil & Carboplatin,Doxorubicin+Carboplatin
Doxirubicin,Doxorubicin
Doxobubicin,Doxorubicin
doxorubicin,Doxorubicin
Doxorubicin,Doxorubicin
DOXORUBICIN,Doxorubicin
Doxorubicin HCI Liiposomal,Doxorubicin
Doxorubicin HCI Lipsome,Doxorubicin
doxorubicin HCL,Doxorubicin
Doxorubicin HCL,Doxorubicin
Doxorubicin HCl Liposomal,Doxorubicin
Doxorubicin HCL Liposomal,Doxorubicin
Doxorubicin HCL Liposomal -Doxil,Doxorubicin
Doxorubicin Liposome,Doxorubicin
doxorubicin+ cyclophosphamide,Doxorubicin+Cyclophosphamide
doxorubicin+cyclophosphamid,Doxorubicin+Cyclophosphamide
doxorubicina,Doxorubicin
doxorubicine,Doxorubicin
doxorubicine cyclophosphamide tamoxifen,Doxorubicin+Cyclophosphamide+Tamoxifen
doxorubicine+cyclophosphamide,Doxorubicin+Cyclophosphamide
doxorubicine+cyclophosphamide+tamoxifen,Doxorubicin+Cyclophosphamide+Tamoxifen
Doxorubicinum,Doxorubicin
Doxorubincin HCL,Doxorubicin
DS-8273a,DS-8273a
DTIC,Dacarbazine
"DTIC, Dacarbazine",Dacarbazine
E-75,Nelipepimut-S
EHT-1864,EHT-1864
Elesclomol,Elesclomol
Eligard,Leuprolide
Eloxatin,Oxaliplatin
Eloxatin(oxaliplatin),Oxaliplatin
Embelin,Embelin
EMD,NOS
Enoticumab,REGN421
Entinostat,Entinostat
Enzastaurin,Enzastaurin
epirubicin,Epirubicin
Epirubicin,Epirubicin
epirubicinum,Epirubicin
Epirubicoin,Epirubicin
EPOCH,Etoposide+Prednisone+Vincristine+Doxorubicin
Epothilone B,Patupilone
erbitux,Cetuximab
Erbitux,Cetuximab
ERBITUX,Cetuximab
Eribulin,Eribulin
Erlotinib,Erlotinib
Erlotinib (Tarceva),Erlotinib
Erlotonib,Erlotinib
Erythropoietin,Epoetin
Estramustine,Estramustine
ET-743,Trabectedin
ETC Posidum,Etoposide
Etoposid,Etoposide
etoposide,Etoposide
Etoposide,Etoposide
ETOPOSIDE,Etoposide
Etoposide (VP16),Etoposide
etoposide (VP-16),Etoposide
Etoposide phosphate,Etoposide
Etopside,Etoposide
everolimus,Everolimus
Everolimus,Everolimus
EVERolimus,Everolimus
"Everolimus, Gemcitabine, and Cisplatin",Everolimus+Gemcitabine+Cisplatin
Exemestane,Exemestane
EXEMESTANE,Exemestane
EXEMESTANE (AROMASIN),Exemestane
EZN-2968,EZN-2968
Fareston,Toremifene
faslodex,Fulvestrant
Faslodex,Fulvestrant
Fedratinib,Fedratinib
femara,Letrozole
Femara,Letrozole
FEMARA,Letrozole
Femara (Letrozole),Letrozole
Fenretinide,Fenretinide
FH535,FH535
Filgrastim (G-CSF),Filgrastim
Firmagon,Degarelix
FLC,NOS
FLOUROURACIL,Fluorouracil
Floxuridine,Fluorouracil
fluorouracil,Fluorouracil
Fluorouracil,Fluorouracil
FLUOROURACIL,Fluorouracil
Fluorouracil (5-FU),Fluorouracil
Fluorouracil IV Continuous infusion over 46 hours,Fluorouracil
fluorouracilum,Fluorouracil
Fluorouracilum,Fluorouracil
Fluoruracil,Fluorouracil
FMK,FMK
Folfiri,Leucovorin+Fluorouracil+Irinotecan
FOLFIRI,Leucovorin+Fluorouracil+Irinotecan
FOLFIRI/Avastin,Leucovorin+Fluorouracil+Irinotecan+Bevacizumab
Folfox,Leucovorin+Fluorouracil+Oxaliplatin
FolFox,Leucovorin+Fluorouracil+Oxaliplatin
FOLFOX,Leucovorin+Fluorouracil+Oxaliplatin
folinic acid,Leucovorin
Folinic acid,Leucovorin
Folinic Acid,Leucovorin
fosaprepitant,Fosaprepitant
fotemustine,Fotemustine
Fotemustine,Fotemustine
FR-180204,FR-180204
FT,NOS
FTI-277,FTI-277
FU7,NOS
FUDR (Floxuridine),Floxuridine
Fuluestrant,Fulvestrant
fulvestrant,Fulvestrant
Fulvestrant,Fulvestrant
FULVESTRANT,Fulvestrant
Fulvestrant (Faslodex),Fulvestrant
Gaminocamptothecin,Aminocamptothecin
Gamzar,Gemcitabine
GDC-0449,Vismodegib
GDC-0980,GDC-0980
Gefitinib,Gefitinib
Gemar,Gemcitabine
gemcitabine,Gemcitabine
Gemcitabine,Gemcitabine
GEMCITABINE,Gemcitabine
Gemcitabine (Gemzar),Gemcitabine
Gemcitabine and Cisplatin,Cisplatin+Gemcitabine
Gemcitabine HCI,Gemcitabine
gemcitabine HCL,Gemcitabine
Gemcitabine HCL,Gemcitabine
Gemcitabine Injection,Gemcitabine
Gemcitibane,Gemcitabine
Gemcitibine,Gemcitabine
Gemicitabine,Gemcitabine
GEMICTIABINE,Gemcitabine
Gemox,Gemcitabine+Oxaliplatin
Gemzan,Gemcitabine
gemzar,Gemcitabine
Gemzar,Gemcitabine
GEMZAR,Gemcitabine
Gemzar (Gemcitabine),Gemcitabine
Gemzet,Gemcitabine
Genentech Cpd 10,Genentech Cpd 10
Gezmar,Gemcitabine
Gleevac,Imatinib
Gleevec,Imatinib
Gliadel,Carmustine
Gliadel BCNU,Carmustine
Gliadel wafer,Carmustine
Gliadel Wafer,Carmustine
Gliadel Wafer (BCNU),Carmustine
Gliadel wafer carmustine,Carmustine
Gliadel wafers,Carmustine
Gliadel Wafers,Carmustine
Gliadel Waters,Carmustine
Gliadle Wafer,Carmustine
GL-ONC1,GL-ONC1
GM-CSF,Sargramostim
GNF-2,GNF-2
GOG 218,GOG 218
GOG182,GOG 182
Gomzar,Gemcitabine
Goserelin,Goserelin
GP100,GP100
GP-100,GP100
GSK Braf Inhibitor,Dabrafenib
GSK1070916,GSK1070916
GSK1904529A,GSK1904529A
GSK269962A,GSK269962A
GSK319347A,GSK319347A
GSK429286A,GSK429286A
GSK650394,GSK650394
GSK690693,GSK690693
GW-2580,GW-2580
GW441756,GW441756
GW843682X,GW843682X
Halaven,Eribulin
Halichondrin,Halichondrin B
Halichondrin B,Halichondrin B
HEC.1 - Sorafenib vs Sorafenib plus Doxorubicin,HEC.1
herceptin,Trastuzumab
Herceptin,Trastuzumab
HERCEPTIN,Trastuzumab
Hexalen,Altretamine
Hexalin,Altretamine
Hexamethylmelamine,Altretamine
Hexamethymelamine,Altretamine
HG-5-113-01,HG-5-113-01
HG-5-88-01,HG-5-88-01
HG6-64-1,HG6-64-1
High dose ara-c,Cytarabine
High dose Methotrexate w/ Leucovorin,Methotrexate+Leucovorin
"Hormone, NOS",NOS
HSC vaccine injection,NOS
HSPPC-96 Vaccine,HSPPC-96
Hydoxyurea,Hydroxyurea
Hydrochoroquine,Hydroxychloroquine
Hydrocortisone,Hydrocortisone
Hydroxurea,Hydroxyurea
Hydroxydaunomycin,Doxorubicin
Hydroxyuerea,Hydroxyurea
Hydroxyurea,Hydroxyurea
Hydroyurea,Hydroxyurea
Hyrdroxyurea,Hydroxyurea
Hyroxyurea,Hydroxyurea
I 131 81C6,81C6
I131-81C6,81C6
Ibandronate,Ibandronate
I-BET-762,I-BET-762
ICE,Ifosfamide+Carboplatin+Etoposide
ICT-107,ICT-107
Idelalisib,Idelalisib
Ifex,Ifosfamide
IFN-Alpha (Intron),Interferon A
Ifosfamid,Ifosfamide
ifosfamide,Ifosfamide
Ifosfamide,Ifosfamide
IFOSFAMIDE,Ifosfamide
Ifostamide,Ifosfamide
IL 12,Interleukin-12
IL 13,Cintredekin
IL 2,Aldesleukin
IL-13 Pseudomonas exotoxin,Cintredekin
IL-13 with Pseudomonas Exotoxin,Cintredekin
IL-13 with Pseudomonas exotoxin,Cintredekin
IL-13PE,Cintredekin
IL-13-PE38QQR Cytoxin,Cintredekin
IL-18,Interleukin-18
IL2,Aldesleukin
IL-2,Aldesleukin
IL-2 (high dose),Aldesleukin
IL-2 Therapy (interleukin),Aldesleukin
imatinib,Imatinib
Imatinib,Imatinib
IMC-A12,Cixutumumab
Imiquimod,Imiquimod
INF,Infliximab
interferon,NOS
Interferon,NOS
Interferon alfa,Interferon A
Interferon alfa-2b,Interferon A
interferon alpha,Interferon A
Interferon alpha,Interferon A
Interferon Alpha,Interferon A
Interferon gamma,Interferon G
Interferon-?2,Aldesleukin
Interferon-alfa,Interferon A
interferon-alpha,Interferon A
Interleukin - 2,Aldesleukin
Interleukin 2-high dose,Aldesleukin
Interleukin-12,Interleukin-12
interleukin-2,Aldesleukin
Interleukin-2,Aldesleukin
intrathecal methotrexate,Methotrexate
Intrathecal Methotrexate,Methotrexate
intron a,Interferon A
Intron A,Interferon A
Investigal drug Avastin,Bevacizumab
IOX2,IOX2
IPA-3,IPA-3
ipilimumab,Ipilimumab
Ipilimumab,Ipilimumab
Iressa,Gefitinib
IRESSA,Gefitinib
IRESSA placebo vs. drug,Gefitinib
irinotecan,Irinotecan
Irinotecan,Irinotecan
Irinotecan + Cetuximab,Irinotecan+Cetuximab
Irinotecan HCl,Irinotecan
Irinotecan HCL,Irinotecan
IRINOtecan HCl,Irinotecan
Irinotecan Hydrochloride,Irinotecan
IRINOTECAN+5-fluorouracilim,Irinotecan+Fluorouracil
Irintocean,Irinotecan
Irintotecan,Irinotecan
Irolfluvin,Irofulven
Ironotecan,Irinotecan
Irressa,Gefitinib
Isotrectinoin (acccutane),Isotretinoin
Isotretinoin,Isotretinoin
Ispinesib Mesylate,Ispinesib
Ixabepilone,Ixabepilone
IXABEPILONE,Ixabepilone
jevtana,Cabazitaxel
JNK Inhibitor VIII,JNK Inhibitor VIII
JNK-9L,JNK-9L
JQ1,JQ1
JQ12,JQ12
JW-7-24-1,JW-7-24-1
JW-7-52-1,JW-7-52-1
Karenitecin,Karenitecin
Karerltecin,Karenitecin
ketoconazole,Ketoconazole
Ketoconazole,Ketoconazole
KIN001-236,KIN001-236
KIN001-244,KIN001-244
KIN001-260,KIN001-260
KIN001-266,KIN001-266
KIN001-270,KIN001-270
KU-55933,KU-55933
Laferon,Interferon A
lapatinib,Lapatinib
Lapatinib,Lapatinib
Lenalidomide,Lenalidomide
Lestauritinib,Lestaurtinib
Letrozol,Letrozole
letrozole,Letrozole
Letrozole,Letrozole
LETROZOLE,Letrozole
Letrozole (Femara),Letrozole
LETROZOLE (FEMARA),Letrozole
letrozole femara,Letrozole
letrozolum,Letrozole
leucovorin,Leucovorin
Leucovorin,Leucovorin
LEUCOVORIN,Leucovorin
leucovorin calcium,Leucovorin
Leucovorin calcium,Leucovorin
Leucovorin Calcium,Leucovorin
Leukine,Sargramostim
Leuocvorin,Leucovorin
leuprolide,Leuprolide
Leuprolide,Leuprolide
Leuprolide acetate,Leuprolide
Leuprolide Acetate,Leuprolide
LEUPROLIDE ACETATE (LUPRON),Leuprolide
Leuprorelin,Leuprolide
Levcovorin,Leucovorin
Levenracetam,Levetiracetam
Levetiracetam,Levetiracetam
Levothroid,Levothyroxine
levothyroxine,Levothyroxine
Levothyroxine,Levothyroxine
levoxyl,Levothyroxine
Levoxyl,Levothyroxine
LFM-A13,LFM-A13
LHRH Agonist,LHRH
"LHRH Agonist and Anti-Androgens ""Combined Androgen Blockade""",LHRH
LHRH Agonist and Anti-Androgens Combined Androgen Blockade,LHRH
Linifanib,Linifanib
Linsitinib,Linsitinib
Liosomal Docorubicin,Doxorubicin
Liposomal Doxorubican,Doxorubicin
Liposomal doxorubicin,Doxorubicin
Liposomal Doxorubicin,Doxorubicin
Lomustin,Lomustine
lomustine,Lomustine
Lomustine,Lomustine
LOMUSTINE,Lomustine
Lomustine (CCNU),Lomustine
LOMUSTINE (CCNU),Lomustine
Lomustine CCNU,Lomustine
Luminespib,Luminespib
Lumustine,Lomustine
Luprolide Depot,Leuprolide
lupron,Leuprolide
Lupron,Leuprolide
LUPRON,Leuprolide
LY228820,LY228820
LY317615,Enzastaurin
Lymphocyte Infusion,NOS
MAB I 131,81C6
MAB I131,81C6
MAb I-131,81C6
MAB I-131,81C6
MABI131,81C6
Mage A3,MAGE-A3
MAGE-3,MAGE-3
MAGI131-81c6,81C6
Marimastat,Marimastat
Masitinib,Masitinib
Mayo 425-20,NOS
MDX-1106 clinical trial,Nivolumab
Medrol,Methylprednisolone
MEDT 575,MEDI-575
Megace,Megestrol
MEGACE,Megestrol
Megace (oral),Megestrol
Megestrol Acetate,Megestrol
MEL-44,Sargramostim
melphalan,Melphalan
Melphalan,Melphalan
Melphalon,Melphalan
Mesna,Mesna
MESNA,Mesna
MESNA-1,Mesna
MESNA-2,Mesna
Metexafin Gadolinium,Motexafin gadolinium
Metformin,Metformin
methotrexate,Methotrexate
Methotrexate,Methotrexate
METHOTREXATE,Methotrexate
methotrexate+5 fluorouracil+cyclophosphamide,Cyclophosphamide+Fluorouracil+Methotrexate
metilprednisona,Methylprednisolone
metotreksat,Methotrexate
Metronomic Temodar,Temozolomide
MG-132,MG-132
MGI 114,Irofulven
Mibefradil,Mibefradil
Micomycin,Mitomycin C
Midostaurin,Midostaurin
Mithramycin,Plicamycin
Mitomycin,Mitomycin C
Mitomycin C,Mitomycin C
Mitomycin-C,Mitomycin C
mitotane,Mitotane
Mitoxantrone,Mitoxantrone
MK2206,MK2206
MK-2206,MK-2206
MLN8237,Alisertib
MORAb-004,MORAb-004
Motesanib,Motesanib
Motexafin Gadolinium,Motexafin gadolinium
Motexatin Gadoinium,Motexafin gadolinium
MPS-1-IN-1,MPS-1-IN-1
MR1-1,MR1-1
mu81c6,81C6
MU81C6,81C6
Mustophoran,Fotemustine
nab-rapamycin,Rapamycin
navelbine,Vinorelbine
Navelbine,Vinorelbine
NAVELBINE,Vinorelbine
Navitoclax,Navitoclax
Naxavar,Sorafenib
neulasta,Pegfilgrastim
Neulasta,Pegfilgrastim
NEULASTA,Pegfilgrastim
Nexavaar,Sorafenib
Nexavar,Sorafenib
NG-25,NG-25
Nilotinib,Nilotinib
Nilutamide,Nilutamide
Nimustine,Nimustine
nivolumab,Nivolumab
Nivolumab,Nivolumab
nolvadex,Tamoxifen
Nolvadex,Tamoxifen
Not otherwise specified,NOS
Not specified,NOS
NPK76-II-72-1,NPK76-II-72-1
NSC-207895,NSC-207895
NSC-87877,NSC-87877
NU7441,NU7441
Nutlin-3a (-),Nutlin-3a
NVP-BHG712,NVP-BHG712
NVP-TAE684,NVP-TAE684
O6B6,O6-Benzylguanine
O6BG,O6-Benzylguanine
Obatoclax Mesylate,Obatoclax
Oca Rex Oregovomab,Oregovomab
Ofatumumab,Ofatumumab
O-ICE,Ifosfamide+Carboplatin+Etoposide
Olaparib,Olaparib
Omipalisib,Omipalisib
Oncophage,Vitespen
oncophage vaccine,Vitespen
Oncovin,Vincristine
ONYX-015,ONYX-015
Oral Etoposide,Etoposide
OS1-774,Erlotinib
OSI-027,OSI-027
OSI-930,OSI-930
OSU-03012,OSU-03012
Ovarex MA6 B43.13,Oregovomab
Ovarex Study,Oregovomab
Ovarex/IND,Oregovomab
Ovarex/placebo,Oregovomab
Ovarex/Placebo,Oregovomab
oxaliplatin,Oxaliplatin
Oxaliplatin,Oxaliplatin
OXALIPLATIN,Oxaliplatin
"Oxaliplatin, Folinic acid, Fluorouracil",Leucovorin+Fluorouracil+Oxaliplatin
Oxaliplatinum,Oxaliplatin
oxaliplatinum + 5-FU,Oxaliplatin+Fluorouracil
oxaliplatinum+ 5-FU,Oxaliplatin+Fluorouracil
oxaliplatinum+5 fluorouracilum,Oxaliplatin+Fluorouracil
oxaliplatinum+5-FU,Oxaliplatin+Fluorouracil
Oxaloplatin,Oxaliplatin
Oxcarbazepine,Oxcarbazepine
PAC-1,PAC-1
Pacilatxel,Paclitaxel
Paciltaxal,Paclitaxel
Paciltaxel,Paclitaxel
Paciltaxle,Paclitaxel
Pacitaxel,Paclitaxel
Pacitaxol,Paclitaxel
Pacliatxel,Paclitaxel
Pacliltaxel,Paclitaxel
paclitaxel,Paclitaxel
Paclitaxel,Paclitaxel
PACLITAXEL,Paclitaxel
Paclitaxel (Protein-Bound),Paclitaxel
Paclitaxel; Albumin-Bount,Paclitaxel
paclitaxelum,Paclitaxel
Paclitaxil,Paclitaxel
Paclitaxol,Paclitaxel
Palbociclib,Palbociclib
Palixtaxel,Paclitaxel
Pamidronate,Pamidronate
Pamidronic acid,Pamidronate
panitumumab,Panitumumab
Panitumumab,Panitumumab
Panzem,2-Methoxyestradiol
Paraplatin,Carboplatin
PARAPLATIN,Carboplatin
Parthenolide,Parthenolide
Patrin,Lomeguatrib
Patupilone,Patupilone
pazopanib,Pazopanib
Pazopanib,Pazopanib
PC2,NOS
PCB,Procarbazine
PCV,Procarbazine+Lomustine+Vincristine
PD 0332991,Palbociclib
PD0325901,PD0325901
PD173074,PD173074
Pegfilgrastim,Pegfilgrastim
Pegfilgrastim (Peg G-CSF),Pegfilgrastim
Pelitinib,Pelitinib
pembrolizumab,Pembrolizumab
Pembrolizumab,Pembrolizumab
pemetrexed,Pemetrexed
Pemetrexed,Pemetrexed
Pemetrexed (Alimta),Pemetrexed
pemetrexed disodium,Pemetrexed
Pemetrexed disodium,Pemetrexed
PEP3 KLH,PEP-3-KLH
Perifosine,Perifosine
Pevonedistat,Pevonedistat
PF-4708671,PF-4708671
PF-562271,PF-562271
PFI-1,PFI-1
PHA-665752,PHA-665752
PHA-793887,PHA-793887
Phenformin,Phenformin
Phenytoin Sodium,Phenytoin
PI-103,PI-103
PI88,PI-88
Pictilisib,Pictilisib
PIK-93,PIK-93
Piperlongumine,Piperlongumine
Placebo,NOS
Platinol,Cisplatin
platinum,Platinum
Platinum,Platinum
Plexxikon PLX3397,PLX3397
PLFE,PLFE
PLFE/FLO,PLFE+Leucovorin+Fluorouracil+Oxaliplatin
PLX-4720,PLX-4720
PNU-159548,PNU-159548
Poly E,Poly E
Poly LCLC,Poly ICLC
Polyplatillen,Cisplatin
Ponatinib,Ponatinib
Porfimer Sodium (Photofin),Porfimer
Porfimer Sodium (Photofrin),Porfimer
Porfimer Sodium(Photofin),Porfimer
PORTEC3-radiation alone,NOS
Predisone,Prednisone
Prednisolone,Prednisolone
prednisona,Prednisone
Prednisone,Prednisone
premetrexed,Pemetrexed
procarbazine,Procarbazine
Procarbazine,Procarbazine
PROCARBAZINE,Procarbazine
Procarbazine/CCNU/Vincristine,Procarbazine+Lomustine+Vincristine
Procarbizine,Procarbazine
Proleukin,Aldesleukin
proleukin (IL-2),Aldesleukin
Provera,Medroxyprogesterone
PS 341,Bortezomib
PS341,Bortezomib
PS-341 Bortrezomib,Bortezomib
PSC833,Valspodar
PSMA DNA Vaccine,PSMA DNA Vaccine
PTK-ZK,Vatalanib
PV-10,PV-10
px-866,px-866
Pyrazinamide,Pyrazinamide
Pyrimethamine,Pyrimethamine
QL-VIII-58,QL-VIII-58
QL-X-138,QL-X-138
QL-XI-92,QL-XI-92
QL-XII-47,QL-XII-47
QL-XII-61,QL-XII-61
QS11,QS11
Quizartinib,Quizartinib
R04929097,R04929097
R1507,Teprotumumab
Rad001,Everolimus
RAD001,Everolimus
raloxifene,Raloxifene
Raltitrexed,Raltitrexed
Rapamcyin,Rapamycin
Rapamycin,Rapamycin
Ras Inhibitor,NOS
RBBX 01,rBBX-01
rec MAGE 3-AS + AS15 ACS1 / Placebo Vaccine,MAGE-3-AS-AS15-ASCI
rec MAGE3-AS+AS15 ASCI vs Placebo,MAGE-3-AS-AS15-ASCI
Recentin Placebo AXDX2171,Cediranib
recMAGE- A3,MAGE-A3
recMAGE3-AS+AS15 ASCI/Placebo vaccine,MAGE-3-AS-AS15-ASCI
recPRAME+AS15,GSK2302025A
recPRAME+AS15 ASCI,GSK2302025A
Refametinib,Refametinib
regorafenib,Regorafenib
Regorafenib,Regorafenib
Reinoid/CIS retinoic acid,Isotretinoin
RenAmin,Amino Acids
Reolysin,Reolysin
Resiquimod,Resiquimod
Revlimid,Lenalidomide
Rhumab/Ind,NOS
rigosertib,Rigosertib
Rituxan,Rituximab
rituximab,Rituximab
Rituximab,Rituximab
RITUXIMAB,Rituximab
RO-3306,RO-3306
Roferon-A,Interferon A
rTRAIL,rTRAIL
Rucaparib,Rucaparib
Ruxolitinib,Ruxolitinib
SAHA,Vorinostat
SAHA/Vorinostat,Vorinostat
Salubrinal,Salubrinal
Saracatinib,Saracatinib
Sarafenib,Sorafenib
Sarasar,Lonafarnib
Sargramostin,Sargramostim
SB216763,SB216763
SB-505124,SB-505124
SB52334,SB52334
SB590885,SB590885
SCH 58500,SCH 58500
SCH63666,Lonafarnib
SCH66336,Lonafarnib
SCH6636,Lonafarnib
Seliciclib,Seliciclib
Selisistat,Selisistat
Selumetinib,Selumetinib
Sepantronium bromide,Sepantronium bromide
Serdemetan,Serdemetan
SGC0946,SGC0946
Shikonin,Shikonin
Sirolimus,Sirolimus
SL0101,SL0101
SN-38,Irinotecan
SNS 595,Vosaroxin
SNX-2112,SNX-2112
SOM 230,Pasireotide
sorafenib,Sorafenib
Sorafenib,Sorafenib
SORAFENIB,Sorafenib
Sorafenib - Nexavar,Sorafenib
Sorafenib (Bay 43-9006),Sorafenib
Sorafinib ( Nexavar),Sorafenib
Sovatenib,Sorafenib
STF-62247,STF-62247
Streptozocin,Streptozocin
streptozocin,Streptozocin
S-Trityl-L-cysteine,S-Trityl-L-cysteine
Study drug AMG 655,Conatumumab
SU101,Leflunomide
Sulindac,Sulindac
sunitinib,Sunitinib
Sunitinib,Sunitinib
sunitinib (sutent),Sunitinib
Suramin,Suramin
sutent,Sunitinib
Sutent,Sunitinib
SUTENT,Sunitinib
sutent (sunitinib),Sunitinib
Sutent (Sunitinib),Sunitinib
Sylatron,Peginterferon alfa-2a
synthroid,Levothyroxine
Synthroid,Levothyroxine
SYNTHROID,Levothyroxine
T0901317,T0901317
TAK-715,TAK-715
Talazoparib,Talazoparib
Talimogene Laherparepvec (T-VEC),Talimogene
tamoxifen,Tamoxifen
Tamoxifen,Tamoxifen
TAMOXIFEN,Tamoxifen
Tamoxifen & Megace,Tamoxifen+Megestrol
TAMOXIFEN (NOVADEX),Tamoxifen
tamoxifen citrate,Tamoxifen
tamoxiphen+anastrazolum,Tamoxifen+Anastrozole
tamoxiphene,Tamoxifen
tamoxiphene+anastrozolum,Tamoxifen+Anastrozole
tamoxiphene+leuporeline+gosereline,Tamoxifen+Leuprolide+Goserelin
Tamoxiten,Tamoxifen
Tanceva,Erlotinib
Tanespimycin,Tanespimycin
Tarceva,Erlotinib
TARCEVA,Erlotinib
Tarceva (Erlotinib),Erlotinib
Tarceva/Erlotinib,Erlotinib
Tarveca,Erlotinib
Taxane,NOS
Taxel,Paclitaxel
taxol,Paclitaxel
Taxol,Paclitaxel
TAXOL,Paclitaxel
Taxol or Taxotere,NOS
Taxol/Carboplatin,Carboplatin+Paclitaxel
taxol+adriamycin+cyclophosphamide+herceptin,Paclitaxel+Doxorubicin+Cyclophosphamide+Trastuzumab
taxotere,Docetaxel
Taxotere,Docetaxel
TAXOTERE,Docetaxel
Taxotere/Cytoxan,Cyclophosphamide+Docetaxel
Taxoterecin,Docetaxel
tc,Cyclophosphamide+Docetaxel
TC,Cyclophosphamide+Docetaxel
TCH,Docetaxel+Carboplatin+Trastuzumab
Temador,Temozolomide
Temazolomide,Temozolomide
Temodal,Temozolomide
temodar,Temozolomide
Temodar,Temozolomide
Temodar (escalation),Temozolomide
Temodor,Temozolomide
Temoxolomide,Temozolomide
Temozlomide,Temozolomide
Temozolamide,Temozolomide
temozolomide,Temozolomide
Temozolomide,Temozolomide
TEMOZOLOMIDE,Temozolomide
Temozolomode,Temozolomide
Temozolomoide,Temozolomide
Temozomide,Temozolomide
temsirolimus,Temsirolimus
Temsirolimus,Temsirolimus
Teniposide,Teniposide
Tesetaxel,Tesetaxel
Tetrathiomolybdate,Tiomolibdate
TGX221,TGX221
thalidomide,Thalidomide
Thalidomide,Thalidomide
Thalomid,Thalidomide
Thapsigargin,Thapsigargin
Themozolomide,Temozolomide
ThioTepa,Thiotepa
Threshold-302,Evofosfamide
THZ-2-102-1,THZ-2-102-1
THZ-2-49,THZ-2-49
Tipfarnib (R115777),Tipifarnib
Tipifarnib,Tipifarnib
Tipifarnib (R115777),Tipifarnib
Tivantinib (ARQ-197),Tivantinib
Tivozanib,Tivozanib
TL-1-85,TL-1-85
TL-2-105,TL-2-105
TL32711,Birinapant
Tomaxifen,Tamoxifen
Topecan,Topotecan
Topetecan,Topotecan
topotecan,Topotecan
Topotecan,Topotecan
Topotecan HCl,Topotecan
Topotecan HCL,Topotecan
Topotecan/Carboplatin,Topotecan+Carboplatin
Toptecan,Topotecan
Torisel,Temsirolimus
TORISEL,Temsirolimus
Tozasertib,Tozasertib
TPCA-1,TPCA-1
trabectedin,Trabectedin
Trabectedin,Trabectedin
Trametinib,Trametinib
trastuzumab,Trastuzumab
Trastuzumab,Trastuzumab
TRASTUZUMAB,Trastuzumab
Trelstar,Triptorelin
Trenantone,Leuprolide
Treosulfan,Treosulfan
Tretinoin,Tretinoin
triptorelin,Triptorelin
Triptorelin,Triptorelin
Trustuzumab,Trastuzumab
TS-1,Tegafur+Gimeracil+Oteracil
Tubastatin A,Tubastatin A
Tumor Vaccine,NOS
TW 37,TW 37
Tyrosine kinase inhibitor,NOS
UNC0638,UNC0638
UNC1215,UNC1215
Unkown,NOS
Valproic acid,Valproic Acid
Valproic Acid,Valproic Acid
Vamydex,Vamydex
Vandetanib,Vandetanib
Vatalanib (PTK787),Vatalanib
vectibix,Panitumumab
VECTIBIX,Panitumumab
VEGF-TRAP,Aflibercept
Velcade,Dortezomib
Veliparib,Veliparib
vemurafenib,Vemurafenib
Vemurafenib,Vemurafenib
VEMURAFENIB,Vemurafenib
Vepesid,Etoposide
vinblastine,Vinblastine
Vinblastine,Vinblastine
Vincristin,Vincristine
vincristina,Vincristine
vincristine,Vincristine
Vincristine,Vincristine
VINCRISTINE,Vincristine
Vincristine (sulfate),Vincristine
Vinorelbin,Vinorelbine
Vinorelbin Tartrate,Vinorelbine
Vinorelbine,Vinorelbine
Vinorelbine Tartrate,Vinorelbine
Vismodegib,Vismodegib
VMCL,VMCL
VNLG/124,VNLG/124
Vorinostat,Vorinostat
Votrient,Pazopanib
Vp 16,Etoposide
VP 16,Etoposide
VP 16 (Etoposide),Etoposide
VP16,Etoposide
VP-16,Etoposide
VX-11e,VX-11e
VX-702,VX-702
WH-4-023,WH-4-023
WHI-P97,WHI-P97
WIKI4,WIKI4
WT-1 Vaccine,WT-1 Vaccine
WZ-1-84,WZ-1-84
WZ3105,WZ3105
XAV939,XAV939
xeloda,Capecitabine
Xeloda,Capecitabine
XELODA,Capecitabine
Xeloda (Capecitabine),Capecitabine
Xeloda(capecitabine),Capecitabine
Xelox,Capecitabine+Oxaliplatin
Xgeva,Denosumab
XL 184,Cabozantinib
XL184,Cabozantinib
XMD11-85h,XMD11-85h
XMD13-2,XMD13-2
XMD14-99,XMD14-99
XMD15-27,XMD15-27
XMD8-85,XMD8-85
XMD8-92,XMD8-92
Xyotax,Paclitaxel
Y-39983,Y-39983
Yervoy,Ipilimumab
YK-4-279,YK-4-279
YM201636,YM201636
Yondelis,Trabectedin
ZD6474,Vandetanib
ZG-10,ZG-10
Zibotentan,Zibotentan
Z-LLNle-CHO,Z-LLNle-CHO
ZM447439,ZM447439
Zofran,Ondansetron
Zoladex,Goserelin
zoledronic acid,Zoledronic acid
Zoledronic acid,Zoledronic acid
Zoledronic Acid,Zoledronic acid
ZOLEDRONIC ACID,Zoledronic acid
Zometa,Zoledronic acid
ZSTK474,ZSTK474
